method,n_bins,total_pairs_true,MAE,RMSE
HMM,20.0,34498971.0,0.015302824933610126,0.026245555466200856
Indep,20.0,34498971.0,0.11108032436903648,0.13358102325323062
Markov,20.0,34498971.0,0.04814018209334813,0.0649363541242816
PC,20.0,34498971.0,0.004718180754809677,0.005170379180118167
RBM,20.0,34498971.0,0.02949862334259651,0.04139594464107082
Truth,20.0,34498971.0,0.00032907622673085705,0.0004143993055276118
WGAN,20.0,34498971.0,0.01856308414526165,0.028264035707841466
