method,n_bins,total_pairs_true,MAE,RMSE
HMM,20.0,21750310.0,0.015284558683241505,0.02395534441976581
Indep,20.0,21750310.0,0.1676331416859449,0.21008612269570634
Markov,20.0,21750310.0,0.07078900874562703,0.10308493068565197
PC,20.0,21750310.0,0.005342862159263119,0.005562146759028327
RBM,20.0,21750310.0,0.018242283757101123,0.030718913103736072
Truth,20.0,21750310.0,0.0008220057665225955,0.001101100455694967
WGAN,20.0,21750310.0,0.02368462458484411,0.03609249211022149
